id;lat;lng;name
1;49.805314616094;23.982380092144;вул. Наукова
2;49.804805529532;23.986967861653;вул. Василя Симоненка
3;49.805512147906;23.985778808594;вул. Василя Симоненка
4;49.809342908903;23.982792437077;вул. Щирецька
5;49.809631247196;23.98250836134;вул. Щирецька
6;49.813249481299;23.984864532947;Скнилівок
7;49.8135757446289;23.9847164154053;Скнилівок
8;49.819344702285;23.987819135189;Кульпарків
9;49.818542517476;23.987784981728;Кульпарків
10;49.82555849633;23.990446209908;вул. Антоновича
11;49.82985305786133;23.99814796447754;вул. Максима Залізняка
12;49.83448028564453;24.006872177124023;вул. Степана Бандери
13;49.837520599365234;24.012874603271484;пл. Святого Юра
14;49.836353302002;24.0158672332764;вул. Устияновича
15;49.83979415893555;24.022354125976562;Університет ім. Івана Франка
16;49.835619237611;24.00582575798;вул. Степана Бандери
17;49.833426046227;24.001364349761;пл. Липнева
18;49.83063298626;23.995478212833;вул. Смаль-Стоцького
19;49.829166955312;23.992228197326;вул. Копистинського
360;49.787580666459;24.014610084721;Автовокзал
361;49.7873229980469;24.017053604126;Автовокзал
362;49.791455721513;24.015457451343;вул. Михайла Максимовича
363;49.79249954223633;24.016159057617188;вул. Михайла Максимовича
364;49.797994731844;24.017358660698;вул. Скорини
365;49.79779815673828;24.01679801940918;вул. Скорини
366;49.801410856771;24.017573773861;вул. Стрийська - вул. Наукова
367;49.802592204798;24.018370687962;вул. Стрийська - вул. Хуторівка
368;49.8052961205;24.018210470676;вул. Івана Рубчака
369;49.805502498625;24.017763316631;вул. Івана Рубчака
370;49.807373046875;24.00754165649414;Тролейбусне депо
371;49.807940317305;24.007458886687;Тролейбусне депо
372;49.810439676727;24.001221776009;вул. Володимира Великого
373;49.810513282465;23.998134195805;Універмаг "Океан"
374;49.810869678415;23.99675577879;Універмаг "Океан"
375;49.811158000761;23.991672277451;вул. Василя Симоненка
376;49.8114967346191;23.9902896881104;вул. Василя Симоненка
377;49.812325936223;23.982136011124;вул. Виговського
378;49.812100682417;23.982124872574;вул. Виговського
379;49.816687477441;23.972498476505;вул. Кульчицької
380;49.81734848022461;23.971471786499023;вул. Кульчицької
381;49.82001495361328;23.96939468383789;вул. Любінська
382;49.819630022786;23.970019638538;вул. Любінська
384;49.822841213089;23.965338170528;вул. Кричевського
385;49.822563325789;23.965689897537;вул. Кричевського
386;49.82405090332031;23.95569610595703;вул. Сигнівка
387;49.824302673339844;23.956087112426758;вул. Сигнівка
388;49.826970993844;23.954443092465;вул. Ряшівська
389;49.826836632246;23.955012727327;вул. Ряшівська
571;49.809971107753;24.004592180252;вул. Володимира Великого
572;49.80847642065;24.019370913506;Автобусний завод
573;49.807843816626;24.0189889257;Автобусний завод
574;49.815135495584;24.020076572895;Податкова
575;49.814954934321;24.019663274288;Податкова
576;49.820243955525;24.020444363866;Дитяча залізниця
577;49.820557008064;24.020172894001;Дитяча залізниця
578;49.824141079585;24.020608663559;Парк Культури
579;49.8251609802246;24.0229797363281;Парк Культури
580;49.829432412638;24.032263261227;Стрийський ринок
581;49.82982635498047;24.032480239868164;Стрийський ринок
582;49.833832468585;24.035482979927;пл. Петрушевича
583;49.834092836029;24.035320962589;вул. Шота Руставелі
584;49.833765862817;24.037162493294;вул. Шота Руставелі
815;49.822089688674;23.936326563358;станція Скнилів
816;49.824782625278;23.939415365681;вул. Авіаційна
817;49.826840509359;23.946539402008;Церква Вознесіння Господнього
818;49.827030181884766;23.949111938476562;Церква Вознесіння Господнього
819;49.82877731323242;23.957286834716797;вул. Вільхова
820;49.828773498535156;23.958370208740234;вул. Вільхова
821;49.823219856899;23.960576609752;вул. Патона
822;49.822972112979;23.961421333343;вул. Патона
823;49.82981872558594;23.962953567504883;вул. Вівсяна
824;49.829870109606;23.964615830034;вул. Вівсяна
825;49.83060836791992;23.96739387512207;Мотозавод
826;49.830650329589844;23.96915054321289;Мотозавод
827;49.832549339788;23.97852730751;вул. Окружна
828;49.832481518353;23.979159899831;вул. Окружна
829;49.833426805763;23.984559237957;вул. Народна
830;49.833770507965;23.98523678885;вул. Народна
831;49.835323333740234;23.994918823242188;вул. Городоцька-Смаль-Стоцького
832;49.835601806640625;23.994720458984375;вул. Городоцька-Смаль-Стоцького
834;49.83646774291992;23.999391555786133;Привокзальний ринок
835;49.83644104003906;24.005630493164062;пл. Кропивницького
977;49.81688690185547;23.955738067626953;Аеропорт
978;49.81890869140625;23.96359634399414;вул. Кричевського
979;49.819264984449;23.965151906013;вул. Кричевського
980;49.820642380104;23.968297932107;вул. Виговського
981;49.820834721943;23.969820141792;вул. Виговського
982;49.82263946533203;23.974496841430664;вул. Караджича
983;49.8221549987793;23.97268295288086;вул. Караджича
984;49.823981021499;23.976722224318;Будинок Меблів
985;49.824895092365;23.979120850563;Будинок Меблів
1428;49.830790408064;24.043196650786;вул. Йосипа Сліпого
1429;49.82629152268;24.04350046988;вул. Водогінна
1430;49.825885458556;24.04608464241;вул. Водогінна
1431;49.823897175528;24.05163782835;Гуртожиток
1432;49.823476128145;24.052248591554;стадіон "Україна"
1433;49.822357177734375;24.05446434020996;вул. Липова алея
1434;49.81763458252;24.059993684292;вул. Дністерська
1435;49.817752838134766;24.05940055847168;вул. Дністерська
1436;49.8136163287;24.060372650624;вул. Бузкова
1437;49.81362533569336;24.060068130493164;вул. Бузкова
1438;49.80752944946289;24.0613956451416;Автостанція №5
1439;49.80607976843;24.062312424183;вул. Пасічна
1440;49.801524028763;24.065898656845;вул. Зубрівська
1442;49.798152923583984;24.071752548217773;вул. Сихівська
1443;49.796910611133;24.072439611223;вул. Сихівська
1444;49.795675681031;24.07364215408;вул. Вуглецька
1445;49.78740863376;24.075210610933;вул. Надійна
1446;49.78785293952;24.075312435627;вул. Надійна
1447;49.786247253418;24.0756530761719;станція Сихів
1448;49.786107972486;24.076352711873;станція Сихів
1630;49.836808660885;23.976745226675;вул. Сяйво
1631;49.837587330062;23.977304749887;вул. Сяйво
1632;49.842138468009;23.978979408741;вул. Широка
1633;49.842827553774;23.978782355785;вул. Широка
1634;49.842055702806;23.973491847515;вул. Олешківська
1635;49.842238530514;23.971707582474;вул. Низинна
1636;49.841714418499;23.968567192555;Церква Вознесіння
1637;49.842208198199;23.967849433422;Церква Вознесіння
1638;49.844550493;23.966601252556;Залізнична поліклініка
1639;49.845577049483;23.966919600964;Залізнична поліклініка
1640;49.8476829528809;23.9653606414795;вул. Суботівська
1867;49.846336364746094;24.025148391723633;вул. Зернова (180А)
1868;49.848988083457;24.024246692657;вул. Пантелеймона Куліша
1869;49.85117721557617;24.024429321289062;БК ім. Гната Хоткевича
1871;49.854419797868;24.022954719296;вул. Хімічна
1872;49.8542594909668;24.0227069854736;вул. Хімічна
1873;49.856073810287;24.021730542183;Шевченківська адміністрація
1874;49.857733213219;24.021338224411;Шевченківська адміністрація
1875;49.857832531102;24.020690619946;Шевченківська адміністрація
1876;49.861729597501;24.018580436707;вул. Торф'яна
1877;49.86256408691406;24.018701553344727;вул. Торф'яна
1878;49.865886275695;24.016999483109;вул. Варшавська
1879;49.86645919391;24.016106128693;вул. Варшавська
1880;49.869303699501;24.025030612945;вул. Гетьмана Мазепи
1881;49.869596659909;24.02549725771;вул. Гетьмана Мазепи
1882;49.870584736432;24.03145635128;вул. Пилипа Орлика
1883;49.87049102783203;24.032577514648438;вул. Пилипа Орлика
1884;49.871811514731;24.038945340226;Поліклініка №2
1885;49.87169640453;24.039510287623;Поліклініка №2
1886;49.87236404418945;24.043548583984375;вул. Плугова
1887;49.87263870239258;24.043907165527344;вул. Плугова
1888;49.87332534790039;24.05020523071289;вул. Грінченка
2051;49.83956527709961;23.995820999145508;Залізничний вокзал
2052;49.8377075195312;24.0001926422119;Приміський вокзал
2053;49.837663815962;24.000578991016;Приміський вокзал
2054;49.836570745884;24.004385677952;Церква святих Ольги та Єлизавети
2055;49.836247671172;24.00435345143;Церква святих Ольги та Єлизавети
2056;49.83484649658203;24.006834030151367;вул. Русових
2057;49.834815979003906;24.009370803833008;вул. Карпінського
2058;49.83476257324219;24.015153884887695;Львівська політехніка
2059;49.834591033023;24.015985533596;Львівська політехніка
2060;49.8364372253418;24.022356033325195;Головна Пошта
2061;49.8368034362793;24.022001266479492;Головна Пошта
2062;49.839714050293;24.0261344909668;вул. Петра Дорошенка
2063;49.840145111084;24.0271759033203;вул. Петра Дорошенка
2065;49.841405736956;24.032178163528;пл. Ринок
2066;49.841922760009766;24.034868240356445;вул. Руська
2067;49.84191131591797;24.034332275390625;вул. Руська
2069;49.836894078699;24.034828625181;вул. Володимира Шухевича
2071;49.83444595336914;24.034435272216797;вул. Зелена
2072;49.834107824764;24.034177978874;вул. Саксаганського
2073;49.83057403564453;24.032169342041016;пл. Івана Франка
2074;49.8301010131836;24.0312461853027;пл. Івана Франка
2075;49.83024597167969;24.02387046813965;Парк Культури
2076;49.830238342285156;24.02322006225586;Парк Культури
2077;49.83241162886;24.017748600725;вул. Академіка Сахарова
2078;49.83264923095703;24.017154693603516;вул. Академіка Сахарова
2079;49.832279205322266;24.012495040893555;вул. Київська
2080;49.8324317932129;24.0117855072021;вул. Київська
2081;49.834606040716;24.007417440414;вул. Русових
2438;49.82438659667969;23.993244171142578;вул. Коновальця
2439;49.824371337890625;23.993030548095703;вул. Коновальця
2440;49.826683044433594;23.996946334838867;вул. Гординських
2441;49.82698440551758;23.997224807739258;вул. Гординських
2442;49.82840347290039;23.999704360961914;вул. Максима Залізняка
2443;49.8289794921875;24.000425338745117;вул. Максима Залізняка
2444;49.830665588378906;24.00324058532715;вул. Мельника
2445;49.82998275756836;24.005218505859375;Палац спорту "Україна"
2446;49.83021926879883;24.007936477661133;вул. Горбачевського
2447;49.8308219909668;24.008853912353516;Міська лікарня №5
2448;49.83195877075195;24.011402130126953;вул. Київська
2450;49.834531252064;24.016551151872;Львівська політехніка
2451;49.834388732910156;24.016042709350586;Львівська політехніка
2452;49.83971405029297;24.037425994873047;пл. Митна
2453;49.839820861816406;24.037904739379883;пл. Митна
2454;49.84025955200195;24.043134689331055;Академія ветеринарної медицини
2454;49.84025955200195;24.043134689331055;вул. Чехова
2455;49.84004592895508;24.042749404907227;Академія ветеринарної медицини
2455;49.84004592895508;24.042749404907227;вул. Чехова
2457;49.839969635009766;24.04904556274414;Медичний університет
2458;49.838680267333984;24.053979873657227;Шевченківський Гай
2459;49.838707;24.054398;вул. Мечникова
2460;49.8371887207031;24.0603656768799;вул. Котика
2461;49.8374366760254;24.0596408843994;вул. Котика
2462;49.835138187106;24.067884027958;вул. Пасічна
2617;49.81367492675781;23.97686195373535;ринок "Південний"
2618;49.813496504345;23.976708197544;ринок "Південний" (33)
2619;49.827375902736;23.983153164387;вул. Окружна
2620;49.8071479797363;23.9990234375;Аквапарк
2621;49.807156687196;23.998874844492;Аквапарк
2622;49.8130187988281;24.0004615783691;вул. Бойчука
2623;49.8136329650879;24.0008792877197;вул. Бойчука
2624;49.817482351825;24.00313025713;вул. Аркаса
2625;49.817661865983;24.003343999386;вул. Аркаса
2626;49.822681427002;24.0066032409668;вул. Шумського
2627;49.822524512994;24.006630420685;вул. Шумського
2628;49.8271636962891;24.0111198425293;вул. Івана Горбачевського
2629;49.8274040222168;24.0112857818604;вул. Івана Горбачевського
2630;49.831780621441;24.017173603177;вул. Академіка Сахарова
2631;49.832061767578125;24.017749786376953;вул. Академіка Сахарова
2632;49.8381233215332;24.0349273681641;пл. Соборна
2746;49.861420693617;24.02639991045;вул. Торф'яна
2747;49.85442352294922;24.02827262878418;вул. Гайдамацька
2748;49.852294921875;24.02747344970703;БК ім. Гната Хоткевича
2749;49.8502578735352;24.0268821716309;вул. Під Дубом
2751;49.846814944267;24.028685357262;пл. Старий Ринок
2752;49.846250616008;24.029316127301;пл. Старий Ринок
2753;49.842733679558;24.034950448035;вул. Підвальна
2754;49.8424339294434;24.0351810455322;вул. Підвальна
2756;49.829174437219;24.032360553741;Стрийський ринок
2757;49.826820373535156;24.034074783325195;Стрийський парк
2758;49.826486694189;24.03451778493;Стрийський парк
2759;49.82484817504883;24.036697387695312;Академія Мистецтв
3119;49.85199737548828;24.029428482055664;вул. Гайдамацька
3120;49.851871490478516;24.03204917907715;станція Підзамче
3121;49.852368945235;24.033232565885;станція Підзамче
3122;49.85835647583008;24.042770385742188;Трамвайне депо №2
3123;49.8579216003418;24.04276466369629;Трамвайне депо №2
3124;49.86642837524414;24.044635772705078;вул. Миколайчука
3125;49.862037658691406;24.043832778930664;Фабрика "Світанок"
3126;49.862571828784;24.044191791716;Фабрика "Світанок"
3542;49.87057113647461;24.003572463989258;вул. Під Голоском
3544;49.86540222167969;24.0111141204834;Школа №23
3545;49.86549758911133;24.011045455932617;Школа №23
3546;49.873692695218;24.060354471207;ринок "Галицьке перехрестя"
3549;49.868465893996;24.056344091892;ТЦ "ВАМ"
3550;49.86516499674;24.050964415073;Автостанція №2
3551;49.864861962002;24.051683306694;Автостанція №2
3552;49.865291595458984;24.043611526489258;вул. Липинського - вул. Миколайчука
3554;49.86494445800781;24.04070472717285;БТІ
3555;49.864850137928;24.042034405046;БТІ
3556;49.86345672607422;24.032636642456055;вул. Бетховена
3557;49.86356735229492;24.033533096313477;вул. Бетховена
3559;49.860559484929;24.02766447143;вул. Замарстинівська
3561;49.846617393635;24.025656580925;пр. В'ячеслава Чорновола
3563;49.84550094604492;24.02606964111328;пл. Різні
3564;49.83925247192383;24.032533645629883;пл. Галицька
3741;49.821617757525;23.918416619301;ТЦ "METRO"
3743;49.82271147487;23.924234330654;Торгові центри
3744;49.822556871116;23.925238191815;Торгові центри
3745;49.823474865147;23.930122741174;вул. Станційна
3746;49.823524165253;23.928949506509;вул. Станційна
3747;49.84020188544;24.012513697147;Цирк
3748;49.84025192260742;24.01207733154297;Цирк
3749;49.837345123291016;24.0047550201416;Церква святих Ольги та Єлизавети
3750;49.837730407714844;24.005586624145508;пл. Кропивницького
3751;49.84185791015625;24.016496658325195;Театр ім. Лесі Українки
3753;49.844815224729;24.02779519558;вул. Театральна
3963;49.774044036865234;24.012466430664062;ТРЦ "King Cross Leopolis"
4298;49.829477260093;24.032747018309;Стрийський ринок
4299;49.825198975795;24.03718677353;Академія Мистецтв
4300;49.82546003477;24.037198564639;Академія Мистецтв
4301;49.818113577456;24.043730020523;стадіон "Україна"
4302;49.818193038516;24.044029588477;стадіон "Україна"
4303;49.799083626353;24.047815345798;ТРЦ "Шувар"
4304;49.798978981602;24.049037754536;ТРЦ "Шувар"
4305;49.79715824135;24.051456375597;Дитяча поліклініка №4
4306;49.79646682739258;24.053842544555664;Дитяча поліклініка №4
4307;49.794699160083;24.057675182819;Кінотеатр ім. Довженка
4308;49.791979794818;24.058257102966;ТЦ "ВАМ"
4309;49.790657290895;24.059241294861;Поліклініка №4
4310;49.78874969482422;24.058643341064453;Поліклініка №4
4311;49.785503036295;24.058821439743;пр. Червоної Калини
4312;49.785141621898;24.059496283531;пр. Червоної Калини
4517;49.83738708496094;24.06040382385254;вул. Котика
4520;49.83562469482422;24.075475692749023;вул. Ялівець
4521;49.817678737043;24.130584424456;Галицька лікарня
4522;49.817852263566;24.130473375321;Галицька лікарня
4523;49.81743240356445;24.144094467163086;Винники (вул. Галицька)
4524;49.81727847498;24.144192457199;Винники (вул. Галицька)
4525;49.817816384295;24.158385157585;Винники (Кільцева дорога)
4526;49.817709675946;24.157869106102;Винники (Кільцева дорога)
4720;49.875440062491;23.937965095043;м/н Рясне-2
4721;49.87531661987305;23.932462692260742;вул. Величковського
4722;49.875144958496094;23.93243408203125;вул. Величковського
4723;49.872682750108;23.933203041553;вул. Панаса Сотника
4724;49.872357370544;23.933800041676;вул. Панаса Сотника
4725;49.870442151233;23.945509135723;вул. Стельмаха
4726;49.870460038164;23.946272313595;вул. Стельмаха
4727;49.868342695712;23.950856208801;м/н Рясне-1
4728;49.86811447143555;23.95261573791504;м/н Рясне-1
4729;49.866402053979;23.956744664915;Промисловий ринок
4730;49.866462272231;23.956388651729;Промисловий ринок
4733;49.848051297602;23.999830067158;вул. Єрошенка
4734;49.848182678222656;23.99984359741211;вул. Єрошенка
4735;49.846961975097656;24.003250122070312;вул. Турянського
4736;49.847286224365234;24.0025691986084;вул. Турянського
4737;49.844604636352;24.010709762573;вул. Ярослава Мудрого
4738;49.84423828125;24.011215209960938;вул. Ярослава Мудрого
4739;49.849724722538;23.994543047038;вул. Левандівська
4740;49.850262120596;23.993535324931;Янівський цвинтар
4742;49.850978974323;23.99172453858;Янівський цвинтар
4743;49.853769959908;23.985313087229;вул. Винниця
4744;49.85400390625;23.984989166259766;вул. Винниця
4745;49.860225419138;23.970184758305;вул. Брюховицька
4746;49.859850214583;23.970693349838;вул. Брюховицька
4904;49.862160085644;24.007657825947;вул. Варшавська - вул. Панча
4905;49.861977087562;24.007534731549;вул. Варшавська - вул. Панча
4908;49.856229856556;24.019439220428;вул. Окуневського
4909;49.80391993244;23.996400822691;Центр зайнятості
4910;49.804466247558594;23.995162963867188;Центр зайнятості
4911;49.803977102132;23.99975232375;вул. Княгині Ольги
4912;49.803430349978;24.005036354065;вул. Тролейбусна
4914;49.802085493599;24.017407774925;вул. Наукова - вул. Стрийська
4915;49.80170440673828;24.018634796142578;вул. Хуторівка - вул. Стрийська
4916;49.7998046875;24.035448729992;Духовна Семінарія
4917;49.800195547657;24.035927712917;Духовна Семінарія
4918;49.80073547363281;24.04008674621582;вул. Чукаріна
4919;49.78310012817383;24.052120208740234;вул. Скрипника
5439;49.904955104685;23.927281320095;с. Брюховичі
5441;49.90186309814453;23.94036865234375;вул. Івасюка
5442;49.902011441988;23.940212726593;вул. Івасюка
5443;49.903656005859375;23.939836502075195;вул. Незалежності України
5444;49.904404237864;23.939296483994;вул. Незалежності України
5447;49.905757904052734;23.95738410949707;вул. Пляжна
5448;49.905621579663;23.957398533821;вул. Пляжна
5449;49.90440001911;23.960074961185;вул. Курортна
5450;49.904551527821;23.960193216801;вул. Курортна
5451;49.897491455078125;23.964136123657227;Кладовище
5452;49.89738082885742;23.96393394470215;Кладовище
5453;49.871229061789;24.01857483387;Замарстинів
5454;49.871305287051;24.018042623997;Замарстинів
5706;49.864134754;24.05244988203;Автостанція №2
5708;49.86228561401367;24.051027297973633;Торговельний центр
5709;49.8619270324707;24.050493240356445;Торговельний центр
5710;49.858123779296875;24.047500610351562;вул. Височана
5711;49.858119863796;24.047256369041;вул. Височана
5713;49.853118896484375;24.03662109375;вул. Якова Остряниці
5714;49.79355239868164;24.022459030151367;вул. Михайла Максимовича
6045;49.8388671875;23.995635986328125;Залізничний вокзал
6046;49.826271919931;23.968002285047;Поліклініка №5
6047;49.825863012443;23.967623555374;Поліклініка №5
6321;49.843014875878;23.980556249619;вул. Левандівська - вул. Широка
6322;49.84840774536133;23.993976593017578;вул. Левандівська
6323;49.84844970703125;23.994476318359375;вул. Левандівська
6847;49.854158630547;23.986167252064;вул. Татарбунарська
6848;49.854102579362;23.986534118652;вул. Татарбунарська
6849;49.8620491027832;23.993894577026367;на вимогу
6850;49.86188888549805;23.992355346679688;на вимогу
7227;49.79452133178711;24.063331604003906;вул. Івана Кавалерідзе
7228;49.794620513916016;24.065155029296875;вул. Івана Кавалерідзе
7229;49.797047137272;24.071816652041;вул. Сихівська
7230;49.804935455322266;24.06270408630371;вул. Луганська
7231;49.81136703491211;24.050735473632812;Лікарня №8
7232;49.81121063232422;24.050518035888672;Лікарня №8
7233;49.810516357421875;24.04549217224121;вул. Угорська
7234;49.810373415175;24.045494735241;вул. Угорська
7235;49.812259488014;24.042279376275;вул. Карбишева
7236;49.813777923583984;24.042617797851562;вул. Литвиненка
7237;49.81289291381836;24.03812026977539;Церква Кирила і Мефодія
7238;49.81401824951172;24.03561019897461;вул. Кибальчича
7239;49.81377029418945;24.035749435424805;вул. Кибальчича
7241;49.81669998168945;24.026630401611328;вул. Козельницька
7888;49.836910247802734;24.024166107177734;Русалка Дністрова
7889;49.816039332384;24.062736511231;вул. Джорджа Вашингтона
7890;49.815867000328;24.063000023365;вул. Джорджа Вашингтона
7891;49.816145047804;24.069336295128;Перинатальний центр
7892;49.815708441951;24.070387721062;Перинатальний центр
7893;49.814482018098;24.076000750065;ТЦ "Метро-2"
7894;49.814430236816406;24.075332641601562;ТЦ "Метро-2"
7896;49.817040160157;24.077416300774;Церква Благовіщення
7897;49.818020183629;24.076559007168;Церква Благовіщення
7898;49.821828248352;24.075174689293;вул. Ярошинської
7899;49.822330345927;24.075373099034;вул. Ярошинської
7900;49.826082204885;24.073425190701;вул. Медової Печери
7901;49.825949718251;24.073159312696;вул. Медової Печери
7902;49.82668092378;24.07290290847;вул. Медової Печери
7903;49.824685665654;24.079231104115;вул. Каштанова
7904;49.824283599853516;24.08002281188965;вул. Каштанова
7906;49.822975158691406;24.084346771240234;вул. Майорівка
7907;49.83010482788086;24.069063186645508;вул. Таджицька
7908;49.830710960714;24.068632009529;вул. Таджицька
7909;49.834305473105;24.067807260578;вул. Пасічна
7911;49.83628463745117;23.99676513671875;Приміський вокзал
8255;49.836901118119;24.005773529004;пл. Кропивницького
9083;49.87289263023;24.050210419659;вул. Грінченка
9084;49.872481287654;24.050791262527;вул. Грінченка
9086;49.840480489174;24.085699924825;вул. Богданівська
9087;49.848995208740234;24.083223342895508;вул. Старознесенська
9088;49.849192874025;24.083142995834;вул. Старознесенська
9089;49.854793888432;24.076021125497;Авторинок
9090;49.854840879777;24.076231509714;Авторинок
9091;49.856970680682;24.063626885414;вул. Польова
9092;49.857094;24.063787;вул. Польова
9093;49.85558319091797;24.05364418029785;Церква Пресвятої Богородиці
9094;49.855518267654;24.053452602293;Церква Пресвятої Богородиці
9097;49.870628356933594;24.05565071105957;вул. Чигиринська
9098;49.870609441824;24.05521711661;вул. Чигиринська
9099;49.87204360961914;24.052310943603516;вул. Грінченка
9100;49.87503433227539;24.041412353515625;Лікарня Швидкої Допомоги
9102;49.876207530507;24.040742218495;Лікарня швидкої допомоги
9103;49.87982940673828;24.038145065307617;вул. Щурата
9104;49.847904609505;24.083896517754;вул. Кривчицька дорога
9105;49.84782791137695;24.084217071533203;вул. Кривчицька дорога
9106;49.79271697998047;24.06556510925293;вул. Івана Кавалерідзе
9107;49.792581814471;24.06542122364;на вимогу
9927;49.8249397277832;23.911596298217773;Епіцентр
9928;49.80655288696289;23.999032974243164;Аквапарк
9929;49.807334899902344;23.998653411865234;Аквапарк
9930;49.812249897568;23.999931566408;вул. Бойчука
9931;49.812855446124;24.00070580792;вул. Бойчука
9932;49.817359609938;24.002837538719;вул. Аркаса
9933;49.817579540053;24.003507852554;вул. Аркаса
9934;49.82310485839844;24.00672721862793;вул. Шумського
9935;49.82373809814453;24.007707595825195;вул. Шумського
9937;49.826120593607;24.009323954582;вул. Княгині Ольги
9938;49.831645965576;24.016664505005;вул. Академіка Сахарова
9939;49.83264923095703;24.018592834472656;вул. Академіка Сахарова
9940;49.86040496826172;23.970827102661133;вул. Брюховицька
10332;49.84225082397461;24.103923797607422;Товариство "Провесінь-агроінвест"
10333;49.841382046482;24.096471965313;Кладовище
10334;49.84125900268555;24.096269607543945;Кладовище
10335;49.84028625488281;24.084869384765625;вул. Богданівська
10336;49.8401985168457;24.085983276367188;вул. Богданівська
12396;49.850973869597;24.04519546032;вул. Кордуби
12397;49.850830078125;24.04494285583496;вул. Кордуби
12398;49.85093506073;24.049442529678;вул. Заклинських
12399;49.850791931152344;24.04981803894043;вул. Заклинських
13014;49.86463165283203;24.02826499938965;вул. Лінкольна
13015;49.86455535888672;24.028413772583008;вул. Лінкольна
13735;49.83278274536133;24.050344467163086;Обласна інфекційна лікарня
13736;49.832668389582;24.050414681435;на вимогу
13737;49.83368682861328;24.052061080932617;Личаківський цвинтар
13738;49.83406066894531;24.052173614501953;Личаківський цвинтар
14204;49.835487365722656;24.121623992919922;вул. Руська
14205;49.835391998291016;24.1215763092041;вул. Руська
14206;49.83986282348633;24.119274139404297;на вимогу
14207;49.839884910797;24.119081139565;на вимогу
14209;49.8384801732;24.055556833744;Шевченківський Гай
14300;49.82225799560547;24.032255172729492;Музей Івана Франка
15569;49.817454787818;23.972650943617;вул. Кульчицької
15570;49.822078704833984;23.97937774658203;Стоматологічна клініка №3
15571;49.82176793434;23.979430119832;Стоматологічна клініка №3
15714;49.84589869322;23.929515361786;с. Білогорща
15717;49.843932180469;23.95858424902;вул. Роксоляни
15718;49.843990419977;23.958304345608;вул. Роксоляни
15719;49.846900928935;23.990344160606;вул. Естонська
15720;49.846858978271484;23.990659713745117;вул. Естонська
16641;49.834998381841;24.083582294344;вул. Бахматюка
16642;49.834766561805;24.084328592934;вул. Бахматюка
16643;49.834145569912;24.088110089302;вул. Дріжджова
16644;49.833812358173;24.088812610173;вул. Дріжджова
16645;49.820654798716;24.112591039496;Винниківське озеро
16646;49.82042694091797;24.112668991088867;Винниківське озеро
16647;49.808902740478516;24.13817596435547;Винники (вул. Івана Франка)
16648;49.808834748393;24.138311028481;Винники вул. Івана Франка
17437;49.81071299081;24.046020388603;вул. Угорська
17438;49.811085385155;24.046385169029;вул. Угорська
17439;49.78285598754883;24.096757888793945;Пульмонологічний центр
17440;49.7829475402832;24.09666633605957;Пульмонологічний центр
17441;49.83781051635742;24.013134002685547;пл. Святого Юра
17956;49.785873740117;24.076172173023;станція Сихів
20136;49.81003952026367;24.030195236206055;станція Персенківка
20137;49.809783750532;24.030676305294;станція Персенківка
20138;49.811376748158;24.023630142212;вул. Козельницька
21346;49.876125931477;24.036469101906;вул. Пилипа Орлика
21937;49.816577840568;24.050754198763;вул. Дунайська
21938;49.816646575927734;24.050554275512695;вул. Дунайська
21939;49.85859298706055;24.02699851989746;вул. Городницька
21940;49.858428955078125;24.027202606201172;вул. Городницька
21942;49.862178802490234;24.02666664123535;вул. Торф'яна
23696;49.785213470458984;24.069595336914062;вул. Антонича
23699;49.87876892089844;24.0364990234375;вул. Миколайчука
25157;49.853355407714844;24.077289581298828;вул. Гайдучка
25158;49.852847035563;24.077533781528;вул. Гайдучка
28349;49.85404968261719;23.98686408996582;вул. Татарбунарська
28350;49.82917404174805;24.056901931762695;вул. Погулянка
28515;49.84450149536133;24.031475067138672;Театр ляльок
28516;49.830472701731;24.049449035947;вул. Левицького
28517;49.83035136315;24.049472004848;вул. Левицького
28654;49.77239990234375;24.102115631103516;Сихівське кладовище
29063;49.83993148803711;24.021961212158203;Університет ім. Івана Франка
29064;49.835808820758;24.074929237366;вул. Ялівець
29065;49.787470177807;24.059378253246;вул. Коломийська
29067;49.78374099731445;24.067279815673828;вул. Трильовського
32211;49.823288400063;23.967604552033;вул. Патона
32212;49.833298707603;24.035889327526;вул. Шота Руставелі
35216;49.823064157006;23.978519320488;вул. Симона Петлюри
35217;49.823038688018;23.97826396369;вул. Садова
35218;49.839349062821;24.066677161733;вул. Ніщинського
35219;49.839684175325;24.06669726651;вул. Ніщинського
35220;49.84425354003906;24.073823928833008;вул. Прогулкова
35221;49.844078063964844;24.0737247467041;вул. Прогулкова
35222;49.8034782409668;24.000965118408203;Бізнес центр
35223;49.90127009244;23.935702323914;вул. Арктична
35224;49.90111541748047;23.93585777282715;вул. Арктична
35225;49.91726303100586;23.968368530273438;с. Брюховичі (вул. Січових Стрільців)
35226;49.917314785609;23.968161046505;с. Брюховичі (вул. Січових Стрільців)
35229;49.867319510425;23.967336118221;Фанерний завод
35230;49.86744689941406;23.9674015045166;Фанерний завод
37043;49.901257999037;23.96004730463;Джерело
37044;49.90146991723;23.960126280785;Джерело
38113;49.770027414892;24.190247535706;с. Дмитровичі
38346;49.806830654502;24.215015172958;с. Підберізці
38560;49.795147238394;24.213133215904;с. Чишки
38793;49.904432187739;24.093677520752;с. Дубляни
38794;49.9041862487793;24.087627410888672;на вимогу
38795;49.90419387817383;24.087799072265625;на вимогу
38796;49.89750475191;24.090548574924;на вимогу
38797;49.897183008523;24.090502858162;на вимогу
38800;49.880741119384766;24.070213317871094;с. Малехів
38801;49.88052964407;24.070492506027;с. Малехів
41639;49.875431060791016;24.098575592041016;с. Муроване
41640;49.875274658203125;24.0986328125;с. Муроване
41641;49.87598758948;24.092342555523;Магазин
41642;49.875887334411;24.092449843884;Магазин
41645;49.87687301635742;24.066335678100586;вул. Нова
41646;49.876812039286;24.066762804985;вул. Нова
42189;49.872065492868;24.133038818837;с. Сороки-Львівські
42191;49.872796600264;24.129096925259;на вимогу
42192;49.872683589079;24.129134237766;на вимогу
42193;49.873971701529;24.109871327877;на вимогу
42194;49.87387037459;24.110364496708;на вимогу
42195;49.873360934223;24.119035482407;на вимогу
42196;49.87322998046875;24.119346618652344;на вимогу
42814;49.715688535796;23.9111546278;м. Пустомити
42816;49.718753470543;23.910627961159;на вимогу
42817;49.71863555908203;23.9106502532959;на вимогу
42818;49.720028273525;23.90769302845;на вимогу
42819;49.719863189798;23.907631218433;на вимогу
42820;49.72208890182;23.907279849052;на вимогу
42821;49.722006365952;23.907455265522;на вимогу
42822;49.72323226928711;23.91883087158203;на вимогу
42823;49.723140716552734;23.918872833251953;на вимогу
42824;49.724200508937;23.924733698368;на вимогу
42825;49.724114851811;23.924476087093;на вимогу
42826;49.715325761631;23.951643824577;с. Поршна
42827;49.715437468818;23.952731072903;с. Поршна
42828;49.717266778135;23.988197565079;на вимогу
42829;49.717167942303;23.98851442337;на вимогу
42830;49.7158203125;23.999618530273438;на вимогу
42831;49.71572494506836;23.999570846557617;на вимогу
42832;49.717462123585;24.003089547157;с. Липники
42833;49.71705627441406;24.00264549255371;с. Липники
42834;49.729576108819;24.008670628071;с. Ков'ярі
42835;49.72990070514;24.009150743484;с. Ков'ярі
42836;49.75749518182;24.014668405056;с. Солонка
42837;49.758136045113;24.015123665333;с. Солонка
43357;49.817178050266;24.137537837029;вул. Галицька
43358;49.817091164867;24.13736128807;вул. Галицька
44163;49.873088362322;24.169749692083;на вимогу
44164;49.872998479892;24.170000314713;на вимогу
44165;49.872883980758;24.176158905029;на вимогу
44166;49.872761968966;24.176458954811;на вимогу
44167;49.8711974614;24.198808073997;с. Ямпіль
44168;49.8710823059082;24.198684692382812;с. Ямпіль
44169;49.86934811949;24.221128582955;на вимогу
44170;49.869069801931;24.221617221832;на вимогу
44171;49.867096661252;24.238750457764;на вимогу
44172;49.866904722642;24.239016473293;на вимогу
44173;49.865923217629;24.264035880566;с. Борщовичі
44174;49.866018261393;24.264146089554;с. Борщовичі
44175;49.864466605514;24.27163797617;на вимогу
44176;49.864255288225;24.271830379963;на вимогу
44177;49.863861083984375;24.277164459228516;с. Борщовичі
45452;49.873661041259766;23.90574073791504;с. Рясне-Руське
45453;49.873555600902;23.905747175217;с. Рясне-Руське
46343;49.812524254983;23.907401144505;с. Лапаївка
46345;49.817134857177734;23.895618438720703;на вимогу
46346;49.81692353652;23.895781457425;на вимогу
46347;49.817765696081;23.8986094594;на вимогу
46348;49.817845377825;23.899674892426;на вимогу
46349;49.819805686476;23.907557427883;с. Зимна Вода
46350;49.819823361571;23.908997058868;с. Зимна Вода
47048;49.844381942497;24.024496182799;ТЦ "Магнус"
47049;49.915557861328125;23.91831398010254;с. Бірки (вул. Петра Сагайдачного)
47050;49.915430384233;23.918285429478;с. Бірки (вул. Петра Сагайдачного)
47051;49.93416976928711;23.875614166259766;на вимогу
47052;49.934397813574;23.875759005547;на вимогу
47054;49.919337834578;23.853663682938;с. Ясниська
47055;49.84238052368164;24.1038875579834;Товариство "Провесінь-агроінвест"
47432;49.833168029785156;24.229724884033203;с. Миклашів
47434;49.833670237339;24.221847712994;на вимогу
47435;49.833458032537;24.222048640251;на вимогу
47794;49.850394828265;24.025707597016;вул. Під Дубом
47795;49.826419830322266;23.90684700012207;на вимогу
47796;49.82636260986328;23.90697479248047;на вимогу
47797;49.82384490966797;23.903289794921875;на вимогу
47798;49.82392120361328;23.90317726135254;на вимогу
47799;49.82518080132;23.894669651985;на вимогу
47800;49.825344360351;23.894800961018;на вимогу
47801;49.824283599853516;23.893688201904297;на вимогу
47802;49.82424545288086;23.893836975097656;на вимогу
47803;49.82114028930664;23.882261276245117;на вимогу
47804;49.820871164185;23.88227725029;на вимогу
47805;49.8206934896;23.878315389156;на вимогу
47806;49.820824692578;23.878503859043;на вимогу
47807;49.823426468379;23.878446578979;на вимогу
47808;49.823673248291016;23.878698348999023;на вимогу
47809;49.828584210591;23.878117501736;на вимогу
47810;49.82894515991211;23.87835121154785;на вимогу
47811;49.831465113093;23.876875400543;на вимогу
47812;49.83136659761;23.877081692219;на вимогу
47813;49.832224863252;23.869484961033;на вимогу
47814;49.83214152173;23.869837880135;на вимогу
47816;49.83280563354492;23.86318016052246;с. Суховоля
47817;49.850482199862;24.026298804106;вул. Під Дубом
48339;49.771541595458984;24.102706909179688;Сихівське кладовище
48340;49.77147674560547;24.102571487426758;Сихівське кладовище
48341;49.759428171438;24.126867055893;с. Давидів (Купецького)
48342;49.75951385498047;24.126358032226562;с. Давидів (Купецького)
48344;49.74956512451172;24.138525009155273;с. Давидів
48345;49.752384185791016;24.133073806762695;на вимогу
49354;49.828555719837;23.892925977707;на вимогу
49355;49.828615693266;23.893171668053;на вимогу
49356;49.830530120365;23.891346398854;на вимогу
49357;49.830380535221;23.891709108167;на вимогу
49358;49.833074251555;23.886584758759;на вимогу
49359;49.832980154759;23.886009300766;на вимогу
49360;49.837198434873;23.878094851971;Рудне
49362;49.834578265745;23.878989338875;вул. Огієнка
49363;49.834650263134;23.87846435335;вул. Огієнка
50033;49.821463907435;23.93607199192;вул. Авіаційна
50034;49.813568115234375;23.930723190307617;на вимогу
50035;49.8135986328125;23.930883407592773;на вимогу
50036;49.810926139788;23.936192691289;на вимогу
50037;49.810870666177;23.936926180533;на вимогу
50038;49.810473757538;23.953172564507;на вимогу
50039;49.810267966452;23.953053534031;на вимогу
50040;49.805177584136;23.951815107924;на вимогу
50041;49.805090613872;23.951979419435;на вимогу
50043;49.792629765824;23.933682262897;с. Скнилів
50309;49.845955797214;24.136924207211;с. Підбірці
50310;49.846107339392;24.137001037598;с. Підбірці
50311;49.84306716918945;24.133256912231445;на вимогу
50312;49.84294509887695;24.133268356323242;на вимогу
50313;49.84367370605469;24.120162963867188;на вимогу
50314;49.84355545043945;24.120216369628906;на вимогу
51561;49.879809900022;24.061620473862;на вимогу
51562;49.879902639114;24.061878800392;на вимогу
51563;49.90235900878906;24.056278228759766;с. Великі Грибовичі (вул. Садова)
51564;49.901772922798;24.056196331978;с. Великі Грибовичі (вул. Садова)
51565;49.911999751417;24.053773934081;с. Великі Грибовичі
51566;49.911612485671;24.05362200737;с. Великі Грибовичі
51632;49.846360319457;23.98521143198;Левандівське Озеро
51633;49.84624481201172;23.985382080078125;Левандівське Озеро
51634;49.844602072804;23.984324714787;Притулок для неповнолітніх
51635;49.844505998985;23.983689133388;Притулок для неповнолітніх
51636;49.84012222290039;24.028125762939453;пр. Свободи
52419;49.84519723855;24.023959219456;ТЦ "Магнус"
52811;49.774748393877;24.014426290989;ТРЦ "King Cross Leopolis"
53359;49.802224032678;24.01323902607;вул. Академіка Підстригача
53360;49.80240672473;24.014673531055;вул. Академіка Підстригача
53634;49.8597526550293;24.06016731262207;вул. Ковельська
53635;49.86235809326172;24.060745239257812;вул. Кукурудзяна
53636;49.862490785761;24.060664653778;вул. Кукурудзяна
54562;49.861563008737;24.008839937252;вул. Петра Панча
62649;49.83314624805;24.035859704018;вул. Шота Руставелі
73457;49.81635284423828;24.048959732055664;Лікарня №8
74287;49.864282676432;23.960066437721;вул. Порічкова
74288;49.864443607936;23.960016135674;вул. Порічкова
74289;49.862924191878;23.963211923838;вул. Біберовича
74290;49.862957865233;23.963558763266;вул. Біберовича
75003;49.826629638671875;23.983524322509766;вул. Окружна
75004;49.857194449399;24.02271424653;Шевченківська адміністрація
75006;49.822296142578125;24.14702796936035;Винники (вул. Кільцева)
75778;49.802596532523;24.136164933443;Винники (вул. Забава)
75779;49.801122163448;23.989026645204;вул. Пулюя
76732;49.814327239990234;23.97519874572754;ринок "Південний"
76733;49.83766174316406;24.032958984375;вул. Князя Романа
77030;49.813812255859375;24.134925842285156;на вимогу
77031;49.813682556152344;24.13483428955078;на вимогу
78615;49.850481715788;24.021304666996;вул. Джерельна
78616;49.85504150390625;24.014482498168945;вул. Липинського
78617;49.850536810162;24.024031043053;ТЦ "Форум Львів"
78618;49.855045318603516;24.014310836791992;вул. Липинського
79249;49.784241377773;23.978670656681;на вимогу
79250;49.784369774832;23.978818157978;на вимогу
79251;49.782027484366;23.988872552818;с. Сокільники
79252;49.78215789794922;23.98910140991211;с. Сокільники
80797;49.859068769359;24.059107720852;вул. Ковельська
80798;49.859335966403;24.060338497162;вул. Ковельська
80799;49.85753631591797;24.05727195739746;вул. Милятинська
80800;49.85750198364258;24.0575008392334;вул. Милятинська
83053;49.844743053648;24.152199208736;на вимогу
83054;49.84457015991211;24.152223587036133;на вимогу
83055;49.84416580200195;24.160511016845703;с. Підбірці
86499;49.839622497558594;24.02329444885254;вул. Січових Стрільців
88648;49.85568618774414;24.045473098754883;вул. Новознесенська
88649;49.888451762655;24.019804954529;Голосківське кладовище
88650;49.888301849365234;24.02004623413086;Голосківське кладовище
88655;49.900638580322266;24.018152236938477;с. Збиранка
136637;49.78413772583008;24.014429092407227;вул. Сокільницька
136638;49.78329086303711;24.013832092285156;вул. Сокільницька
137767;49.836143493652344;24.067550659179688;Церква Покрови
143872;49.827020628662;24.044871572645;вул. Водогінна
143873;49.829855135266;24.044474967281;вул. Івасюка
143874;49.820658191716;24.055883557214;вул. Липова алея
146536;49.7518196105957;24.141963958740234;на вимогу
146537;49.74734878540039;24.150239944458008;на вимогу
146538;49.74738693237305;24.150068283081055;на вимогу
146539;49.74345779418945;24.147289276123047;на вимогу
146540;49.743487289807;24.147081494331;на вимогу
146541;49.74380111694336;24.14061164855957;с. Давидів
150022;49.873305003508;24.165414512157;Кільцева дорога
152906;49.846943173111;24.02644998954;пл. Святого Теодора
153284;49.78434371948242;23.97161102294922;с. Сокільники
153285;49.783934072578;23.971021652222;вул. Кульпарківська
153286;49.779186928665;23.966892421246;Кільцева дорога
153287;49.77989959716797;23.966955184936523;Кільцева дорога
153288;49.77482604980469;23.964242935180664;Мототрек
153289;49.77207946777344;23.96271324157715;с. Сокільники
153290;49.77541732788086;23.96488380432129;Мототрек
155570;49.870906829833984;24.005325317382812;вул. Під Голоском
156127;49.821635062315;23.920088469982;ТЦ "METRO"
157423;49.84510803222656;23.967683792114258;Залізнична поліклініка
157425;49.844507107307;23.972258823832;вул. Повітряна
157426;49.84545147255;23.978309094906;вул. Олесницького
157427;49.844383239746094;23.9716854095459;вул. Пілотів
157428;49.845266116933;23.97818171978;вул. Олесницького
161610;49.835845947265625;24.070716857910156;Автостанція №6
162276;49.836124021473;24.070476055145;Автостанція №6
166722;49.784311470091;24.059967160225;пр. Червоної Калини (32)
167237;49.83006286621094;23.968109130859375;Мотозавод
167238;49.816932678222656;24.136974334716797;Винники
167239;49.8167610168457;24.13719940185547;Винники
167240;49.816479789362;24.135690689087;Винники
167241;49.83826446533203;24.05558204650879;Шевченківський Гай
167242;49.8401113487;24.049031324665;Медичний університет
167243;49.839813232421875;24.04986572265625;Медичний університет
167244;49.84406280517578;24.025632858276367;Театр опери та балету
167246;49.84636306762695;24.024723052978516;вул. Зернова
167248;49.85199737548828;24.027441024780273;БК ім. Гната Хоткевича
167249;49.869363429849;24.018340114317;вул. Замарстинівська
167250;49.870313101917;24.020671024375;вул. Замарстинівська
167251;49.86952258602;24.056770317288;ТЦ "ВАМ"
167252;49.859798431396484;24.026199340820312;вул. Замарстинівська
167253;49.864906311035156;24.044517517089844;вул. Городницька
167254;49.859825134277344;24.043567657470703;на вимогу
167255;49.856756781236;24.04189479351;вул. Волинська
167256;49.854663741688;24.040845030841;Стоматологічна поліклініка №5
167257;49.854074347188;24.040402237032;Стоматологічна поліклініка №5
167258;49.853023529052734;24.035789489746094;вул. Якова Остряниці
167259;49.85114669799805;24.029916763305664;вул. Гайдамацька
167260;49.85382080078125;24.02808952331543;вул. Гайдамацька
167261;49.85701370239258;24.027820587158203;Фабрика "Динамо"
167262;49.861369730087;24.026723325253;вул. Торф'яна
167263;49.868758554594;24.034000575542;вул. Тичини
167264;49.868880154225;24.034143090248;вул. Тичини
167266;49.870113372802734;24.042564392089844;вул. Хвильового
167267;49.867261113667;24.015147910113;вул. Варшавська
167268;49.85786437988281;24.011611938476562;вул. Струмок
167269;49.858010207238;24.011291658377;вул. Струмок
167270;49.861722924301;23.966616778321;вул. Шевченка
167271;49.861245436918;23.967397920598;вул. Шевченка
167272;49.841773986816406;23.966758728027344;Церква Вознесіння
167273;49.84498977661133;23.93250846862793;вул. Лаврівського
167274;49.845094550532;23.932758688927;вул. Лаврівського
167275;49.844844249401;23.945541203022;вул. Гайовської
167276;49.844764448734;23.945651888847;вул. Гайовської
167277;49.84438705444336;23.9379825592041;вул. Білогорща
167278;49.84449005126953;23.93816375732422;вул. Білогорща
167279;49.820945739746094;23.916109085083008;Кільцева дорога
167280;49.834529876708984;23.989849090576172;вул. Городоцька-Кульпарківська
167281;49.83420944213867;23.990938186645508;вул. Городоцька - вул. Кульпарківська
167282;49.83611297607422;23.999298095703125;Привокзальний ринок
167283;49.835938817779;24.003140111755;вул. Тобілевича
167284;49.834633358247;24.01010966301;вул. Степана Бандери
167285;49.831632741752;24.001237254088;вул. Мельника
167286;49.813433183122;23.960870265961;Аеропорт - Термінал "А"
167287;49.817779541015625;23.95993423461914;готель "Тустань"
167288;49.805323631697;23.988906157709;вул. Василя Симоненка
167289;49.804750681993;23.987580795816;вул. Василя Симоненка
167290;49.801160455383;23.991825401783;Технологічний коледж
167291;49.804768064157;23.9918995974;вул. Пулюя
167292;49.80430922918;23.992852500161;вул. Пулюя
167293;49.80286602802;24.00675309982;вул. Тролейбусна
167294;49.82416915893555;23.910160064697266;Епіцентр
167295;49.824485778808594;23.910369873046875;Епіцентр
167296;49.780852258479;24.088055252052;с. Пасіки-Зубрицькі
167297;49.780002944757;24.090050339699;с. Пасіки-Зубрицькі
167298;49.78077035631;24.090171575546;с. Пасіки-Зубрицькі
167299;49.790226556404;24.074248194695;станція Сихів
167300;49.792390999188;24.074509501457;м/н Старий Сихів
167301;49.793053808009;24.074341410428;м/н Старий Сихів
167302;49.796972512405;24.072162145824;вул. Сихівська
167303;49.802305014767;24.065414845943;вул. Зубрівська
167304;49.81981658935547;23.980911254882812;вул. Симона Петлюри
167305;49.81978988647461;23.980697631835938;вул. Симона Петлюри
167306;49.80997848510742;24.007373809814453;Коледж Зв'язку
167307;49.80885950497;24.012047164631;вул. Янева
167308;49.808384138611;24.017029136169;Автобусний завод
167309;49.800369924781;24.029944140287;вул. Демнянська
167310;49.800629656173;24.030390309139;вул. Демнянська
167311;49.805843443504;24.045656916704;вул. Рахівська
167312;49.773658713754;24.01387912035;ТРЦ "King Cross Leopolis"
167313;49.77792739868164;24.01430320739746;Іподром
167314;49.79421615600586;24.016006469726562;вул. Ярослава Гашека
167315;49.794638773451;24.016646802425;вул. Ярослава Гашека
167316;49.814613342285156;24.020458221435547;Податкова
167317;49.81463623046875;24.023086547851562;Податкова
167318;49.81667709350586;24.025787353515625;вул. Козельницька
167319;49.818109652243;24.025230050087;вул. Козельницька
167320;49.82038879394531;24.027496337890625;РАЦС
167321;49.82045364379883;24.02735137939453;РАЦС
167322;49.813651507715;24.044114589691;вул. Литвиненка
167323;49.816226118846;24.044670695435;вул. Тернопільська
167324;49.829244760565;24.032878053819;Стрийський ринок
167325;49.834043169732;24.03560051322;вул. Шота Руставелі (5)
167326;49.833892802643;24.037179112434;вул. Шота Руставелі
167327;49.812130055523;24.060757745719;вул. Навроцького
167328;49.811352937709;24.061158001423;вул. Навроцького
167329;49.7937126159668;24.064414978027344;вул. Івана Кавалерідзе
167330;49.787666721848;24.065941631794;вул. Коломийська - вул. Трильовського
167331;49.787587216425;24.066128075123;вул. Коломийська - вул. Трильовського
167332;49.787484318824;24.06639957428;вул. Коломийська - вул. Трильовського
167333;49.807700559283;24.052457709034;вул. Луганська
167334;49.807775206822;24.053429092185;вул. Луганська
167335;49.823564505942;24.011982917786;вул. Бойківська
167336;49.824025735125;24.012420415878;вул. Бойківська
167338;49.90373992919922;23.9601993560791;вул. Курортна
167339;49.90704345703125;23.947641372680664;пансіонат "Львів"
167340;49.90687561035156;23.947641372680664;пансіонат "Львів"
167341;49.902584075927734;23.93097496032715;вул. Ягідна
167342;49.902824779016;23.930843949318;вул. Ягідна
167343;49.901756286621094;23.941587448120117;вул. Незалежності України
167344;49.90177917480469;23.941802978515625;вул. Незалежності України
167345;49.90409851074219;23.94066619873047;вул. Незалежності України
167346;49.78525603881;24.059485316277;пр. Червоної Калини (14)
167347;49.785057371341;24.059494495392;пр. Червоної Калини (13)
167348;49.785312652588;24.059929549694;пр. Червоної Калини (42)
167349;49.784889221191;24.059935569763;пр. Червоної Калини (47А)
167350;49.78454208374;24.059957325459;пр. Червоної Калини (46)
167352;49.796564068081;24.039231538773;Нижній Шувар
167353;49.794804376582;24.044484162368;вул. Гната Хоткевича
167533;49.83920669555664;23.996238708496094;Залізничний вокзал
168771;49.873939514160156;24.013517379760742;Поліклініка УМВС
168772;49.87378692626953;24.01353645324707;Поліклініка УМВС
169212;49.8784294128418;24.083833694458008;вул. Івана Франка
169213;49.878310975676;24.083712756634;вул. Івана Франка
169430;49.853640441921;24.041631758213;вул. Промислова
169431;49.853388518849;24.041202187538;вул. Промислова
169632;49.826547877404;23.989772598632;вул. Антоновича
169651;49.825831877763;24.009664514002;вул. Княгині Ольги
170689;49.79443359375;24.062902450561523;вул. Івана Кавалерідзе
170690;49.79457473754883;24.063644409179688;вул. Івана Кавалерідзе (16)
170691;49.793983459472656;24.061721801757812;Кінотеатр ім. Довженка
171999;49.83920669555664;23.994436264038086;Залізничний вокзал
172128;49.791265847565;24.067460656166;вул. Кос-Анатольського
172129;49.790650833884;24.067842841148;вул. Кос-Анатольського
172132;49.840518951416016;24.020627975463867;вул. Листопадового Чину
172133;49.774206005894;24.011692047119;ТРЦ "King Cross Leopolis"
174027;49.8555793762207;24.04511833190918;вул. Новознесенська
174028;49.855262756347656;24.045394897460938;вул. Новознесенська
174030;49.842018127441406;24.1009521484375;вул. Глинянський Тракт
174031;49.8419075012207;24.101015090942383;вул. Глинянський Тракт
174403;49.851295265036;24.05900144577;Церква Вознесіння
176954;49.83738723816;24.035067915916;вул. Володимира Шухевича
176955;49.87221908569336;24.04161834716797;на вимогу
184236;49.922161852336;23.982458889484;с. Брюховичі (вул. Під Основою)
184237;49.91408920288086;23.965587615966797;на вимогу
184239;49.89468765258789;23.946306228637695;смт Брюховичі (вул. Смолиста)
184241;49.9027214050293;23.941307067871094;с. Брюховичі (вул. Незалежності України)
185531;49.865726494529;24.044356167316;вул. Миколайчука
185557;49.872982025146484;24.050710678100586;вул. Грінченка (39)
186287;49.784509834356;24.059509575367;пр. Червоної Калини (19)
186288;49.784744262695;24.059945106506;пр. Червоної Калини (4А)
189487;49.83856201171875;23.994821548461914;Залізничний вокзал (29)
189488;49.83864974975586;23.99505615234375;Залізничний вокзал (32)
189489;49.83872604370117;23.995269775390625;Залізничний вокзал (31)
189490;49.83879470825195;23.995454788208008;Залізничний вокзал (16)
192251;49.82381820678711;23.98027992248535;Автостанція №3
193302;49.83567810058594;24.007015228271484;вул. Митрополита Андрея
193303;49.772111035948;23.962986886501;с. Сокільники
193304;49.75411126703;23.943196833134;на вимогу
193305;49.754119873046875;23.943498611450195;на вимогу
193306;49.757773694026;23.949164688587;с. Малечковичі
193307;49.75775146484375;23.94937515258789;с. Малечковичі
193308;49.76084899902344;23.925647735595703;с. Годовиця
193309;49.760614712445;23.925763845444;с. Годовиця
193310;49.780918978638;23.909849107265;с. Басівка
193756;49.77582550048828;23.91575813293457;Перехрестя
193757;49.77574157714844;23.915691375732422;Перехрестя
193758;49.77040229296;23.918291389942;ж/м Гірка
193759;49.7702751159668;23.918298721313477;ж/м Гірка
193760;49.76466751098633;23.92062759399414;Школа
193761;49.764542022973;23.920538842678;Школа
194460;49.876298010291;24.038918077946;Дитяча лiкарня
194462;49.892012766334;24.10424041748;АЗС
194463;49.89174270629883;24.105098724365234;АЗС
194464;49.90134811401367;24.14879035949707;с. Гамаліївка
194465;49.901859283447266;24.149255752563477;с. Гамаліївка
194466;49.94171142578125;24.17446517944336;с. Вислобоки
194467;49.94145965576172;24.174331665039062;с. Вислобоки
194469;49.953047523396;24.204225301743;с. Ременів
194470;49.952909021922;24.204458713531;с. Ременів
194471;49.98833465576172;24.241235733032227;с. Жовтанці
194472;49.98849973474;24.241984248161;с. Жовтанці
194473;49.991458892822266;24.244245529174805;Будинок №18
194474;49.99372482299805;24.23453140258789;Будинок №58
195584;49.991607666015625;24.244230270385742;Будинок №18
195838;49.996747939325;24.216371715069;с. Жовтанці (Кінцева)
195839;49.993995666503906;24.235292434692383;Будинок №58
196147;49.92103576660156;24.161386489868164;с. Малі Підліски
196148;49.92081069946289;24.160966873168945;с. Малі Підліски
196848;49.933467864990234;24.05107307434082;с. Гряда
196849;49.933082580566406;24.051387786865234;с. Гряда
196850;49.94652557373047;24.05452537536621;с. Великий Дорошів
196851;49.9470100402832;24.054901123046875;с. Великий Дорошів
196852;49.98026657104492;24.076526641845703;с. Куликів
196853;49.98014450073242;24.076915740966797;с. Куликів
196854;50.007713317871094;24.045923233032227;с. Перемивки
196855;50.00922775268555;24.04450225830078;с. Перемивки
196856;50.01807403564453;24.03428840637207;с. Смереків
196857;50.01893615722656;24.03290367126465;с. Смереків
196858;50.04298400878906;24.005464553833008;с. Сопошин
196859;50.04233169555664;24.00594711303711;с. Сопошин
196860;50.057342529296875;23.973957061767578;м. Жовква (Автостанція)
196861;50.05743408203125;23.974374771118164;м. Жовква (Автостанція)
196862;50.060861825758;23.914896965027;с. Глинськ
196863;50.060866594471;23.914355576038;с. Глинськ
196864;50.050708061232;23.819824099541;с. Крехів
197181;49.66642379760742;24.003028869628906;с. Деревач
197182;49.666629791259766;24.003543853759766;с. Деревач
197183;49.63799772938;23.99746209383;с. Хоросно
197184;49.637305872807;23.996742427349;с. Хоросно
197185;49.617357762752;23.995578169823;с. Красів
197186;49.61646270751953;23.99493980407715;с. Красів
197187;49.600361013582;24.000607550144;с. Бродки
197188;49.60081452989;24.000983417034;с. Бродки
197189;49.58094024658203;23.995832443237305;с. Луб'яне
197190;49.580848693847656;23.995296478271484;с. Луб'яне
197191;49.55620574951172;23.98758316040039;с. Заклад
197192;49.55659484863281;23.988319396972656;с. Заклад
197193;49.523388286571;23.966202259064;с. Миколаїв (АС)
197194;49.452353947823;23.954718351364;с. Пісочна
198026;49.811077447744;23.857283592224;с. Конопниця
198027;49.811198322964;23.856970369816;с. Конопниця
198028;49.80929946899414;23.845916748046875;Дачі
198029;49.80930709838867;23.84466552734375;Дачі
198030;49.804176330566406;23.81191062927246;с. Бартатів
198031;49.803905487061;23.81130027771;с. Бартатів
198032;49.8003044128418;23.78840446472168;поворот на Мшану
198033;49.80078887939453;23.78936004638672;поворот на Мшану
198034;49.783741466565;23.643369853497;Автостанція "Городок"
198035;49.78374481201172;23.642770767211914;Автостанція "Городок"
198036;49.7545280456543;23.653940200805664;с. Черляни
198037;49.792720794677734;23.74003791809082;с. Довжанка
198038;49.79311752319336;23.74049949645996;с. Довжанка
199370;49.86407267622;24.051631093025;Автостанція №2
199371;49.875485566498;24.062276363373;ринок "Галицьке перехрестя"
199381;49.78702926635742;24.016738891601562;Автовокзал
199796;50.00423049926758;24.268728256225586;с. Колоденці
199797;50.00410842895508;24.26795196533203;с. Колоденці
199798;50.011234283447266;24.281051635742188;с. Германка
199799;50.01145553588867;24.281845092773438;с. Германка
199800;50.028743743896484;24.313966751098633;с. Честині
199801;50.028076171875;24.313430786132812;с. Честині
199802;50.048728942871094;24.331401824951172;с. Новий Став
199803;50.047969818115234;24.331928253173828;с. Новий Став
199804;50.074120407898;24.332935333252;с. Дернів
199805;50.07362747192383;24.333343505859375;с. Дернів
199806;50.082554055433;24.33336520195;с. Сапіжанка
199807;50.082004365792;24.33297264576;с. Сапіжанка
199808;50.110129814162;24.343660235406;м. Кам'янка-Бузька (вул. Хомина)
200251;49.925489314184;23.896726429462;с. Лісопотік
200252;49.925017928557;23.897574007511;с. Лісопотік
200560;49.749573102494;23.932987093925;с. Наварія
200561;49.749496121235;23.933788537979;с. Наварія
201173;49.780738612687;23.91038620472;с. Басівка
201174;49.75141906738281;23.620616912841797;с. Стоділки
201175;49.7515983581543;23.621034622192383;с. Стоділки
201176;49.729312896728516;23.61136817932129;с. Угри
201533;49.8399393631;23.99545648694;Автостанція №8
201534;49.850606075014;23.992859578518;Янівський цвинтар
201535;49.8978271484375;23.770551681518555;с. Страдч
201536;49.89824295043945;23.77022933959961;с. Страдч
201537;49.92021560668945;23.734630584716797;с. Івано-Франкове
201538;49.920448303222656;23.735092163085938;с. Івано-Франкове
201539;49.932559967041016;23.566768646240234;Новояворівськ
201540;49.93233108520508;23.56662940979004;Новояворівськ
201542;49.95691680908203;23.544401168823242;с. Шкло
201950;49.889654112786;24.090434074402;с. Дубляни
201951;49.890046983074;24.090976848768;с. Дубляни
201952;49.92002487182617;24.1605281829834;с. Малі Підліски
201953;49.919498443603516;24.160633087158203;с. Малі Підліски
201954;49.916731515118;24.222592532635;с. Запитів (Кінець)
201955;49.916599576179;24.223022162914;с. Запитів (Кінець)
201956;49.918697357177734;24.187286376953125;с. Запитів (Початок)
201957;49.91851806640625;24.18756103515625;с. Запитів (Початок)
201958;49.91407012939453;24.271141052246094;с. Старий Яричів
201959;49.91404724121094;24.271770477294922;с. Старий Яричів
201960;49.90744889459;24.302875757217;с. Новий Яричів
202386;49.828897571184;23.782008111477;с. Мшана
202387;49.829109043512;23.781905472279;с. Мшана
202388;49.83988571166992;23.759897232055664;с. Залужжя
202389;49.84015655517578;23.75970458984375;с. Залужжя
202390;49.837257385253906;23.731176376342773;с. Повітно
202391;49.83678436279297;23.729610443115234;с. Повітно
204331;49.83845901489258;24.080638885498047;на вимогу
204332;49.83823013305664;24.079734802246094;на вимогу
205400;49.97959518432617;24.07845115661621;с. Куликів
205401;49.979492087104;24.078623890877;с. Куликів
205402;49.976848700508;24.090844273567;с. Надичі
205403;49.977045871945;24.090049088001;с. Надичі
205404;49.975830510849;24.11304795742;с. Гребінці
205405;49.975948333740234;24.11277198791504;с. Гребінці
205406;49.96847152709961;24.1422119140625;с. Виднів
205407;49.968264344763;24.142294287682;с. Виднів
207452;49.836007495878;24.071200728416;Автостанція №6
207453;49.8344612121582;23.990053176879883;вул. Городоцька-Кульпарківська
222122;49.840488342575;24.011663556099;Цирк
222123;49.840313804669;24.011645615101;Цирк
222125;49.839717505589;24.037066698074;пл. Митна
222126;49.834394952426;24.016055613756;Львівська політехніка
222127;49.834522108897;24.016535058618;Львівська політехніка
222128;49.834599094625;24.016107246279;Львівська політехніка
222129;49.834333969101;24.020048081875;на вимогу
222130;49.831802877058;24.017210304737;вул. Академіка Сахарова
222131;49.86668325072;24.04165327549;вул. Лінкольна
222132;49.866534567935;24.04168009758;вул. Лінкольна
222134;49.837427153938;24.059699177742;вул. Котика
222135;49.853472901365;24.038402438164;вул. Якова Остряниці
222137;49.837691830027;24.000231921673;Приміський вокзал
222138;49.82286427698;23.918706178665;вул. Збиральна
222140;49.894741523328;23.946622610092;смт Брюховичі (вул. Смолиста)
222141;49.826378611265;24.073639199017;вул. Медової Печери
222142;49.7875401379;24.066249132156;вул. Коломийська - вул. Трильовського
222143;49.80533699026;23.986134231091;вул. Василя Симоненка
222144;49.785089723395;24.059929847717;пр. Червоної Калини (53)
222145;49.873870531402;23.951538647856;вул. Малковицька
222146;49.873780346299;23.951053234098;вул. Малковицька
222147;49.87136306681;23.964679241181;на вимогу
222148;49.871496176484;23.963684141636;на вимогу
222149;49.836399574211;23.997863531113;Приміський вокзал (142)
222150;49.836389194506;23.99751752615;Приміський вокзал
222151;49.842929696681;24.016376137734;Церква Анни
222152;49.964120555789;24.160668253899;с. Сулимів
222153;49.831792496366;24.017192199826;вул. Академіка Сахарова
222154;49.834598662122;24.016051590443;Львівська політехніка
222155;49.834526866446;24.016543105245;Львівська політехніка
222156;49.834391924887;24.016048908234;Львівська політехніка
222158;49.837431;24.059667;вул. Котика
222159;49.837701776976;24.000205770135;Приміський вокзал
222161;49.809385774;23.988373875618;на вимогу
222162;49.836449742752;24.022333323956;Головна Пошта
222163;49.89509400599;23.946088850498;смт Брюховичі (вул. Смолиста)
222164;49.914006798911;23.965395390987;на вимогу
222165;49.776774707721;24.013860225677;на вимогу
222166;49.813998447488;23.981451094151;на вимогу
222167;49.814033062512;23.981000483036;на вимогу
222168;49.800470731561;24.040698409081;на вимогу
222169;49.834017386609;23.990678975446;вул. Городоцька - вул. Кульпарківська
222170;49.783808185174;24.013425707817;на вимогу
222172;49.844531388047;24.016196429729;на вимогу
222174;49.809290573482;24.120317101479;Винники (вул. Ломоносова)
222175;49.802752446313;24.129315912724;Винники (вул. Козацька)
222176;49.802503159494;24.129667282104;Винники вул. Козацька
222177;49.805851112823;24.120770394802;на вимогу
222178;49.805837264476;24.120947420597;на вимогу
222179;49.802376784436;24.135651290416;Винники (вул. Забава)
222180;49.808118726313;23.837126791477;на вимогу
222181;49.808077183204;23.83820772171;на вимогу
222183;49.844290099924;24.01628896594;на вимогу
222184;49.782597619963;23.761925697326;с. Керниця
222185;49.782323983005;23.745671510696;с. Керниця (Центр)
222186;49.782237388709;23.746132850647;с. Керниця (Центр)
222187;49.782247780033;23.742152452469;на вимогу
222188;49.782424432194;23.741911053658;на вимогу
222189;49.822158254447;23.983615636826;на вимогу
222190;49.822323513096;23.983630388975;на вимогу
222191;49.821182265156;23.96860063076;вул. Виговського
222192;49.845380643474;24.025082588195;пр. В'ячеслава Чорновола
222195;49.788075229597;24.061080515385;вул. Коломийська
222196;49.83242225427;24.012146294117;вул. Київська
222197;49.830982795584;23.907006382942;ТЦ "Три Слони"
222198;49.84245921138;24.015432000161;Театр ім. Лесі Українки
222199;49.842106344399;24.015448093415;Театр ім. Лесі Українки
222200;49.853936362183;24.023838043213;на вимогу
222201;49.804879987843;23.987298309803;вул. Василя Симоненка
222202;49.455500727903;23.955498039723;с. Пісочна
222203;49.523395867111;23.965746760368;с. Миколаїв (АС)
222204;49.842787859682;24.018092751503;Церква Анни
222205;49.835404842396;23.994663655758;ТРЦ "Скриня"
222206;49.835496531576;23.994843363762;ТРЦ "Скриня"
222207;49.836131431128;23.999416530132;Привокзальний ринок
222208;49.836461852392;23.999301195144;Привокзальний ринок
222209;49.83646358234;23.99934142828;Привокзальний ринок
222210;49.836124511286;23.999373614788;Привокзальний ринок
222216;49.843182234696;24.022824168205;вул. Северина Наливайка
222217;49.839814376077;23.886884450912;вул. Лесі Українки
222218;49.839868000729;23.887377977371;вул. Лесі Українки
222219;49.836444552905;23.878346979618;Рудне
222220;49.83961198573;23.877692520618;вул. Нагірних
222221;49.839765940858;23.877241909504;вул. Нагірних
222222;49.835837337003;23.875922262669;вул. Володимира Великого
222223;49.838753979632;23.872250318527;на вимогу
222224;49.837394285564;23.884918391705;на вимогу
222225;49.837060756191;23.873231993665;Народний дім
222226;49.83720399454;23.873366117477;Народний дім
222227;49.84258721151;23.860593438148;Духовна Семінарія
222228;49.84027796787;23.865531384945;вул. Шевченка
222229;49.840418082425;23.865499198437;вул. Шевченка
222230;49.838641538189;23.864152729511;вул. Лисенка
222231;49.838369947778;23.863704800606;вул. Лисенка
222232;49.838015321059;23.86837720871;на вимогу
222233;49.838132953625;23.868087530136;на вимогу
222234;49.835927295396;23.87616366148;вул. Володимира Великого
222235;49.844024595114;24.024272561073;ТЦ "Магнус"
222236;49.877945144264;24.003480953225;Дитячий диспансер
222237;49.877439063092;24.003989696503;Дитячий диспансер
222241;49.716941117553;23.906864225864;м. Пустомити
222242;49.715737553646;23.911622464657;вул. Радоцинська
222243;49.716188460044;23.911710977554;вул. Радоцинська
222244;49.710506733451;23.911399841309;вул. Зиновія Бабія
222245;49.711925493014;23.912046253681;вул. Шухевича
222246;49.719610009484;23.904114961624;вул. Грушевського
222247;49.719629084857;23.903919160366;вул. Грушевського
222248;49.72346655063;23.901419341564;вул. Козацька
222249;49.721366646473;23.902838230133;вул. Олеся Гончара
222250;49.726050123116;23.899557888508;вул. Глинська
222251;49.724869326174;23.899914622307;вул. Глинська
222252;49.71484613406;23.909069001675;станція Пустомити
222253;49.714886022835;23.908900022507;станція Пустомити
222254;50.103994993062;24.346483647823;Парк
222255;50.099427223456;24.343466162681;Міст
222258;50.105412547496;24.338359236717;Автостанція
222259;50.099871116219;24.34434056282;Міст
222260;49.820350274406;24.019071757793;Дитяча залізниця
222262;49.837576118462;23.999875186564;Приміський вокзал
222263;49.842371187022;24.069384634658;Шевченківський Гай
222264;49.842331595308;24.069027900696;Шевченківський Гай
222265;49.821573739885;24.016504883766;Кредобанк
222266;49.830799592153;23.990702033033;Кардіологічний центр
222267;49.802410444134;23.992069959559;Центр зайнятості
222268;49.871050556107;24.057945013046;ТЦ "ВАМ"
222269;49.874922712669;24.061399700876;вул. Богдана Хмельницького
222271;49.864059144377;24.044442772865;вул. Городницька
222272;49.809074207972;23.987773060799;на вимогу
222273;49.814450171613;24.050853252411;вул. Раковського
222275;49.834588282031;24.014265239239;вул. Степана Бандери
222276;49.853478954053;24.038446694613;вул. Якова Остряниці
222277;49.853477224714;24.038421213627;вул. Якова Остряниці
222278;49.913360832035;23.925776481628;Школа-інтернат
222279;49.913493825923;23.925873041153;Школа-інтернат
222280;49.824748683732;24.134406745434;Воєнний госпіталь
222281;49.819264838792;24.137097001076;вул. Винниченка
222282;49.819559033692;24.137284755707;вул. Винниченка
222283;49.82361181902;24.136928021908;вул. Винна Гора
222284;49.823099615535;24.136903882027;вул. Лісна
222285;49.801059348087;23.950117528439;на вимогу
222286;49.800929506821;23.949629366398;на вимогу
222287;49.797449631197;23.94423007965;на вимогу
222288;49.796985628884;23.94319742918;на вимогу
222289;49.80477092981;23.98727953434;вул. Василя Симоненка
222290;49.805511827166;23.98589015007;вул. Василя Симоненка
222292;49.874362267205;24.061732292175;ринок "Галицьке перехрестя"
222293;50.055778344466;23.982194066048;на вимогу
222294;50.054128554238;23.986922800541;на вимогу
222295;50.048090320528;23.997348546982;на вимогу
222296;50.047647670543;23.9976516366;на вимогу
222297;50.055526918721;23.98286730051;на вимогу
222298;49.849702793762;24.024629294872;пл. 700-річчя Львова
222300;49.782027829873;23.996608257294;на вимогу
222301;49.781813074423;24.001353085041;на вимогу
222302;49.81754635872;24.003466665745;вул. Аркаса
222303;49.817484056181;24.002948999405;вул. Аркаса
222304;49.751268276278;24.015094041825;на вимогу
222305;49.750990996405;24.01453614235;на вимогу
222306;49.795415259713;24.190660715103;на вимогу
222307;49.795519144583;24.189783632756;на вимогу
222308;49.795255969146;24.204688668251;на вимогу
222309;49.795339077334;24.204511642456;на вимогу
222310;49.797610645885;24.182182252407;Атерлея
222311;49.797730108051;24.181860387326;Атерлея
222312;49.798029627835;24.175213873386;вул. Лесі Українки
222313;49.798218341661;24.174736440182;вул. Лесі Українки
222315;49.870012933678;24.058063030243;на вимогу
222316;49.783822039823;24.149486124516;на вимогу
222317;49.783851480937;24.149239361286;на вимогу
222318;49.785983316471;24.146634936333;с. Соснівка
222319;49.78640066728;24.146581292152;с. Соснівка
222320;49.788802529221;24.14508998394;на вимогу
222321;49.788296883972;24.145875871181;на вимогу
222322;49.779372762162;24.160748720169;на вимогу
222323;49.779641219847;24.159855544567;на вимогу
222324;49.789353191672;24.141326844692;на вимогу
222325;49.789110762433;24.141361713409;на вимогу
222326;49.797941330288;24.167127013206;на вимогу
222327;49.798067716923;24.167051911354;на вимогу
222328;49.799224225886;24.157457649708;на вимогу
222329;49.799153243347;24.157181382179;на вимогу
222330;49.810226992259;24.220693409443;на вимогу
222331;49.8101941054;24.220248162746;на вимогу
222332;49.815376106351;24.201284945011;с. Підгірне
222333;49.816222412513;24.178901910782;на вимогу
222334;49.815488601888;24.203647971153;с. Підгірне
222335;49.816021654108;24.178215265274;на вимогу
222336;49.86964298024;23.96615177393;на вимогу
222337;49.869995646197;23.965666294098;на вимогу
222338;49.872730448708;23.957456052303;Школа
222339;49.872728720058;23.958166837692;Школа
222340;49.877515116238;23.948639631271;вул. Смолича
222341;49.877919578682;23.948269486427;вул. Смолича
222342;49.834467180803;24.211163520813;на вимогу
222343;49.834761283259;24.210165739059;на вимогу
222344;49.839912976196;24.167314767838;на вимогу
222345;49.839803997106;24.166907072067;на вимогу
222346;49.883989565295;24.075867533684;на вимогу
222347;49.883865131319;24.075355231762;на вимогу
222348;49.810465854038;23.945630192757;на вимогу
222349;49.810528165613;23.944755792618;на вимогу
222350;49.741962937686;24.015372991562;на вимогу
222351;49.907507010467;24.29258197546;на вимогу
222352;49.907249626379;24.294019639492;на вимогу
222353;49.9089821921;24.280860722065;на вимогу
222354;49.90901846649;24.281507134438;на вимогу
222355;49.917179510586;24.210281074047;на вимогу
222356;49.917386757216;24.210171103477;на вимогу
222357;49.917105246994;24.200528562069;на вимогу
222358;49.917310766888;24.199815094471;на вимогу
222359;49.834595202091;24.126445949077;с. Лисиничі
222360;49.834351269343;24.126684665679;с. Лисиничі
222361;49.832498378295;24.130753576755;на вимогу
222362;49.832271735956;24.131016433239;на вимогу
222365;49.626207057756;23.693035840988;Комарно
222366;49.722214595583;23.738330304623;смт Великий Любінь
222367;49.722252744275;23.738593161106;смт Великий Любінь
222368;49.786760867577;23.865633308887;с. Оброшине
222369;49.786672549483;23.865303397179;с. Оброшине
222370;49.769269012071;23.840444684029;с. Ставчани
222371;49.768917343544;23.841104507446;с. Ставчани
222372;49.758442341826;23.800576329231;с. Підгайці
222373;49.758483927518;23.79995405674;с. Підгайці
222374;49.751134835537;23.780671656132;с. Любовичі
222375;49.751146966528;23.781369030476;с. Любовичі
222376;49.695577761197;23.731871545315;на вимогу
222377;49.695695739915;23.732332885265;на вимогу
222378;49.689282834285;23.731812536716;с. Бірче
222379;49.689216896337;23.731546998024;с. Бірче
222380;49.664239069905;23.736578822136;с. Чуловичі
222381;49.664197403444;23.736450076103;с. Чуловичі
222382;49.642539904575;23.736750483513;с. Якимчиці
222383;49.642435691903;23.736364245415;с. Якимчиці
222384;49.629365655042;23.721767663956;с. Кліцько
222385;49.62945252226;23.721950054169;с. Кліцько
222386;49.838171011158;24.120333194733;вул. Львівська
222387;49.837864820153;24.120360016823;вул. Львівська
222388;49.811919769875;23.893337845802;на вимогу
222389;49.811362440633;23.893101811409;на вимогу
222390;49.826383853247;24.135782718658;Обласний госпіталь та реабілітарій
222391;49.836015523657;24.069829881191;Автостанція №6
222392;49.822147871686;24.032501578331;Музей Івана Франка
222393;49.826586298961;24.135471582413;Обласний госпіталь та реабілітарій
222394;49.786686403312;24.051733016968;вул. Скрипника
222395;49.783550141621;24.052087068558;на вимогу
222396;49.783841089958;24.052264094353;на вимогу
222397;49.841308924727;24.027896225452;пл. Івана Підкови
222398;49.827295717426;23.982545435429;вул. Окружна
222399;49.842306994567;24.015437364578;Театр ім. Лесі Українки
222400;49.842836291875;24.017170071602;Церква Анни
222401;49.797936136309;24.039083719254;Нижній Шувар
222402;49.798074642209;24.043552279472;вул. Чукаріна
222403;49.797956912219;24.043662250042;вул. Чукаріна
222404;49.808513384067;24.044466912746;на вимогу
222405;49.808158538425;24.041460156441;на вимогу
222406;49.851072518244;24.015233516693;%
222407;49.844714731622;24.016349315643;%
222408;49.825989341217;24.033354520798;Стрийський парк
222409;49.826766249996;24.033751487732;Стрийський парк
222410;49.804833248716;23.981029987335;вул. Наукова - Кульпарківська
222411;49.815640903122;24.030554294586;вул. Енергетична
222412;49.815606289247;24.0300822258;вул. Енергетична
222413;49.804660958017;23.981277789788;вул. Наукова - Кульпарківська
222414;49.836605437892;23.968530893326;Протезний завод
222415;49.915163990663;23.922772407532;с. Бірки (вул. Богдана Хмельницького)
222416;49.915381608696;23.922697305679;с. Бірки (вул. Богдана Хмельницького)
222417;49.715160040489;23.748723864555;с. Малий Любінь
222418;49.715241551771;23.748866021633;с. Малий Любінь
222419;49.910260416046;24.069537520409;с. Великі Грибовичі (56)
222420;49.917324583321;23.913486599922;с. Бірки (54)
222421;49.911331334352;24.05504822731;с. Великі Грибовичі (на вимогу)
222422;49.911457424782;24.055176973343;с. Великі Грибовичі (на вимогу)
222423;49.828010316239;24.071200489998;на вимогу
222424;49.706317855546;23.998920321465;на вимогу
222425;49.705922365181;23.99885058403;на вимогу
222426;49.656090861862;24.001758098602;с. Раковець
222427;49.65555084078;24.001063406467;с. Раковець
222428;49.828889275603;24.056341052055;вул. Вахнянина
222429;49.830437797041;24.049198329449;вул. Левицького
222430;49.830285542382;24.049233198166;вул. Левицького
222431;49.83244301538;24.043471813202;на вимогу
222432;49.835155723746;24.038391709328;на вимогу
222433;49.836868388546;24.012822210789;пл. Святого Юра
222434;49.908719633798;23.931097984314;ДОК
222435;49.908441605264;23.931085357906;ДОК
222436;49.811644567728;24.025238156319;на вимогу
222438;49.832451665839;23.979943692684;на вимогу
222439;49.827364928426;23.983511030674;вул. Окружна
222440;49.830086572503;24.023722708225;на вимогу
222441;49.849068072412;24.082693755627;вул. Старознесенська
222442;49.849024834959;24.082393348217;вул. Старознесенська
222443;49.851006800027;24.063360393047;на вимогу
222444;49.850894387079;24.063309431076;на вимогу
222445;49.82110612332;23.919599354267;ТЦ "METRO"
222446;49.894682775967;24.131877422333;на вимогу
222447;49.894316467282;24.131737947464;на вимогу
222448;49.834091765068;24.052199721336;Личаківський цвинтар
222449;49.834074464734;24.052180945873;Личаківський цвинтар
222451;49.837899418104;24.039561152458;---
222452;49.837449642812;24.042243361473;вул. Чехова
222453;49.835666069601;24.048423171043;Фармацевтичний факультет
222454;49.8487584914;24.083251655102;вул. Старознесенська
222455;49.781083937929;23.910324275494;с. Басівка
222456;49.778860090451;23.906609416008;Магазин
222457;49.778771757953;23.906381428242;Магазин
222458;49.76068098752;23.925470709801;с. Годовиця
222459;49.766899097979;23.911453485489;на вимогу
222460;49.767044622359;23.911461532116;на вимогу
222461;49.808277974566;24.061442613602;вул. Луганська
222462;49.806096920335;23.979554772377;ТЦ "Вікторія Гарденс"
222463;49.83708808964;24.011738598347;пл. Святого Юра
222465;49.825669230407;24.010644257069;Гуртожитки
222466;49.825857836492;24.010773003102;Гуртожитки
222467;49.820188950876;24.018902778625;Дитяча залізниця
222468;49.795150352286;24.056024551391;Кінотеатр ім. Довженка
222469;49.794932192141;24.05632764101;Кінотеатр ім. Довженка
222470;49.79770067537;24.051065146923;Дитяча поліклініка №4
222471;49.797728376717;24.050888121128;Дитяча поліклініка №4
222472;49.799738413366;24.047457575798;ТРЦ "Шувар"
222473;49.799537586583;24.04777944088;ТРЦ "Шувар"
222474;49.81066490462;24.046054780483;вул. Угорська
222475;49.810685675068;24.046022593975;вул. Угорська
222476;49.811137430115;24.046365916729;вул. Угорська
222477;49.81110973644;24.046376645565;вул. Угорська
222478;49.81893949176;24.041583538055;стадіон "Україна"
222479;49.819038134442;24.041811525822;стадіон "Україна"
222480;49.825298937422;24.036026000977;Академія Мистецтв
222481;49.792161819101;24.058792591095;вул. Давиденка
222482;49.792457910283;24.058628976345;вул. Давиденка
222483;49.789666616246;24.059044718743;Поліклініка №4
222484;49.789680469218;24.058905243874;Поліклініка №4
222485;49.785926168569;24.059076905251;вул. Драгана
222486;49.785429152163;24.059211015701;вул. Драгана
222487;49.837359687252;24.011521339417;пл. Святого Юра
222488;49.817080818366;23.9581990242;готель "Тустань"
222489;49.874272380333;24.106720983982;ТЕЦ-2
222490;49.874415767778;24.106320071781;ТЕЦ-2
222491;49.832439555195;24.041226804256;на вимогу
222492;49.832811523598;24.040076136589;Школа
222493;49.839907786722;24.048640429974;Медичний університет
222494;49.837032731978;24.05469417572;вул. Мечникова
222495;49.837340658169;24.053889513016;вул. Мечникова
222496;49.869604947483;24.018307328224;на вимогу
222497;49.782694604842;24.059245884418;вул. Вернадського
222498;49.782852204858;24.059315621853;вул. Вернадського
222499;49.787808550332;24.05910640955;вул. Коломийська
222500;49.788038864329;24.059001803398;вул. Коломийська
222502;49.818086310696;24.043774902821;стадіон "Україна"
222503;49.818101020842;24.043752104044;стадіон "Україна"
222504;49.818250717953;24.043935835361;стадіон "Україна"
222505;49.818219567148;24.043986797333;стадіон "Україна"
222506;49.837340658169;24.054511785507;вул. Мечникова
222507;49.835828687149;24.059251248837;стадіон "Скіф"
222508;49.835664339625;24.059312939644;стадіон "Скіф"
222509;49.873746884502;24.163460433483;м. Ямпіль
222510;49.871931805576;24.133189022541;с. Сороки-Львівські
222511;49.749795208798;24.138432741165;с. Давидів
222512;49.752522947884;24.133143424988;на вимогу
222513;49.904499503951;24.086682200432;с. Дубляни
222514;49.910376145461;24.069674313068;с. Великі Грибовичі (56)
222515;49.907018152268;24.083715677261;на вимогу
222516;49.907094158815;24.083957076073;на вимогу
222517;49.837352767586;24.066978693008;вул. Долішня
222518;49.771309678582;23.964507579803;с. Сокільники
222519;49.730471354348;24.008222222328;с. Ков'ярі
222520;49.959477342205;23.525228798389;вул. Курортна
222521;49.953180422321;23.519384264946;Мотель
222522;49.953525574913;23.519593477249;Мотель
222523;49.948617272517;23.52688908577;на вимогу
222524;49.94881402844;23.526406288147;на вимогу
222525;49.945966166977;23.542429804802;вул. Петра Сагайдачного
222526;49.946064550454;23.541871905327;вул. Петра Сагайдачного
222527;49.946489150521;23.542684614658;вул. Петра Сагайдачного
222528;49.81644739939;24.135916829109;Винники
222529;49.774684038772;24.16001111269;с. Виннички
222530;49.802181162119;24.135946333408;Винники (вул. Забава)